datetime,city,country,continent,temp_c,feels_like_c,temp_min_c,temp_max_c,humidity_pct,wind_kmh,precipitation_mm,weather_code,condition,image_key,is_day,sunrise,sunset
2026-05-17 19:38,São Paulo,Brasil,América do Sul,18.9,20.2,16.6,22.6,93,10.1,0.5,61,Chuva leve,NightRain.webp,0,2026-05-17T06:34,2026-05-17T17:31
2026-05-17 19:38,Rio de Janeiro,Brasil,América do Sul,24.2,28.4,21.8,28.8,85,2.9,0.0,3,Nublado,OvercastNight.webp,0,2026-05-17T06:19,2026-05-17T17:18
2026-05-17 19:38,Buenos Aires,Argentina,América do Sul,10.8,8.3,7.8,13.1,60,6.5,0.0,0,Céu limpo,FullMoonClear.webp,0,2026-05-17T07:42,2026-05-17T17:58
2026-05-17 16:38,Mexico City,México,América Central,24.1,22.7,15.9,29.5,38,8.0,0.0,2,Parcialmente nublado,ParcialNublado.webp,1,2026-05-17T06:00,2026-05-17T19:05
2026-05-17 18:38,New York,EUA,América do Norte,28.8,29.1,18.3,30.6,42,8.4,0.0,0,Céu limpo,Limpo.webp,1,2026-05-17T05:36,2026-05-17T20:08
2026-05-17 15:38,San Francisco,EUA,América do Norte,21.2,18.9,10.0,23.3,36,18.5,0.0,0,Céu limpo,Limpo.webp,1,2026-05-17T05:57,2026-05-17T20:14
2026-05-17 23:38,London,Reino Unido,Europa,10.3,8.0,9.6,16.7,79,10.4,0.0,3,Nublado,OvercastNight.webp,0,2026-05-17T05:05,2026-05-17T20:48
2026-05-18 00:38,Paris,França,Europa,11.9,10.2,9.2,15.6,78,8.4,0.0,3,Nublado,OvercastNight.webp,0,2026-05-18T06:04,2026-05-18T21:29
2026-05-18 07:39,Tokyo,Japão,Ásia,16.5,17.6,13.1,26.3,82,0.4,0.0,0,Céu limpo,Limpo.webp,1,2026-05-18T04:34,2026-05-18T18:41
2026-05-18 02:39,Dubai,Emirados Árabes,Oriente Médio,27.4,31.0,26.6,31.7,75,11.2,0.0,0,Céu limpo,FullMoonClear.webp,0,2026-05-18T05:32,2026-05-18T18:57
2026-05-18 01:39,Cairo,Egito,África,28.3,28.4,23.4,37.2,39,5.6,0.0,1,Principalmente limpo,FullMoonClear.webp,0,2026-05-18T05:59,2026-05-18T19:43
2026-05-18 08:39,Sydney,Austrália,Oceania,15.9,17.1,15.6,19.0,98,4.5,0.1,51,Chuvisco leve,Chuvisco.webp,1,2026-05-18T06:42,2026-05-18T17:00
2026-05-17 20:44,São Paulo,Brasil,América do Sul,18.3,19.8,16.6,22.6,95,8.0,0.4,61,Chuva leve,NightRain.webp,0,2026-05-17T06:34,2026-05-17T17:31
2026-05-17 20:44,Rio de Janeiro,Brasil,América do Sul,24.3,28.5,21.8,28.8,83,2.3,0.0,3,Nublado,OvercastNight.webp,0,2026-05-17T06:19,2026-05-17T17:18
2026-05-17 20:44,Buenos Aires,Argentina,América do Sul,10.2,7.8,7.8,13.1,63,6.8,0.0,0,Céu limpo,FullMoonClear.webp,0,2026-05-17T07:42,2026-05-17T17:58
2026-05-17 17:44,Mexico City,México,América Central,24.5,22.7,15.9,29.5,35,9.0,0.0,1,Principalmente limpo,ParcialLimpo.webp,1,2026-05-17T06:00,2026-05-17T19:05
2026-05-17 19:44,New York,EUA,América do Norte,28.8,28.8,18.3,30.6,39,7.6,0.0,0,Céu limpo,Limpo.webp,1,2026-05-17T05:36,2026-05-17T20:08
2026-05-17 16:44,San Francisco,EUA,América do Norte,23.7,18.7,10.0,23.7,24,26.9,0.0,0,Céu limpo,Limpo.webp,1,2026-05-17T05:57,2026-05-17T20:14
2026-05-18 00:44,London,Reino Unido,Europa,10.4,8.1,9.3,14.5,78,10.4,0.0,2,Parcialmente nublado,OvercastNight.webp,0,2026-05-18T05:03,2026-05-18T20:49
2026-05-18 01:44,Paris,França,Europa,11.3,9.6,9.3,17.1,79,7.6,0.0,3,Nublado,OvercastNight.webp,0,2026-05-18T06:04,2026-05-18T21:29
2026-05-18 08:44,Tokyo,Japão,Ásia,19.3,21.3,13.2,26.3,76,1.5,0.0,0,Céu limpo,Limpo.webp,1,2026-05-18T04:34,2026-05-18T18:41
2026-05-18 03:44,Dubai,Emirados Árabes,Oriente Médio,27.1,30.4,26.6,31.7,75,12.3,0.0,0,Céu limpo,FullMoonClear.webp,0,2026-05-18T05:32,2026-05-18T18:57
2026-05-18 02:44,Cairo,Egito,África,27.5,27.9,23.4,37.2,43,6.1,0.0,0,Céu limpo,FullMoonClear.webp,0,2026-05-18T05:59,2026-05-18T19:43
2026-05-18 09:45,Sydney,Austrália,Oceania,16.6,18.0,15.6,19.0,97,5.0,0.2,53,Chuvisco moderado,Chuvisco.webp,1,2026-05-18T06:42,2026-05-18T17:00
2026-05-18 18:18,São Paulo,Brasil,América do Sul,18.0,19.0,16.0,20.1,89,8.0,0.0,3,Nublado,OvercastNight.webp,0,2026-05-18T06:34,2026-05-18T17:31
2026-05-18 18:18,Rio de Janeiro,Brasil,América do Sul,23.1,26.1,22.4,26.3,87,8.7,0.0,3,Nublado,OvercastNight.webp,0,2026-05-18T06:20,2026-05-18T17:18
2026-05-18 18:18,Buenos Aires,Argentina,América do Sul,13.1,10.4,4.7,15.1,50,7.2,0.0,0,Céu limpo,FullMoonClear.webp,0,2026-05-18T07:42,2026-05-18T17:57
2026-05-18 15:18,Mexico City,México,América Central,27.1,26.2,14.0,27.3,25,7.2,0.0,1,Principalmente limpo,ParcialLimpo.webp,1,2026-05-18T06:00,2026-05-18T19:05
2026-05-18 17:19,New York,EUA,América do Norte,29.7,28.4,20.7,30.7,41,20.2,0.0,0,Céu limpo,Limpo.webp,1,2026-05-18T05:35,2026-05-18T20:09
2026-05-18 14:19,San Francisco,EUA,América do Norte,26.6,24.4,16.9,27.1,14,14.5,0.0,0,Céu limpo,Limpo.webp,1,2026-05-18T05:57,2026-05-18T20:15
2026-05-18 22:19,London,Reino Unido,Europa,12.4,9.4,8.5,14.2,64,13.7,0.0,3,Nublado,OvercastNight.webp,0,2026-05-18T05:03,2026-05-18T20:49
2026-05-18 23:19,Paris,França,Europa,13.0,11.7,9.2,15.7,68,3.6,0.0,3,Nublado,OvercastNight.webp,0,2026-05-18T06:04,2026-05-18T21:29
2026-05-19 06:19,Tokyo,Japão,Ásia,16.3,17.1,15.0,27.4,83,2.3,0.0,0,Céu limpo,Limpo.webp,1,2026-05-19T04:33,2026-05-19T18:42
2026-05-19 01:19,Dubai,Emirados Árabes,Oriente Médio,26.6,27.7,25.0,32.7,62,14.8,0.0,0,Céu limpo,FullMoonClear.webp,0,2026-05-19T05:32,2026-05-19T18:58
2026-05-19 00:19,Cairo,Egito,África,25.7,25.0,21.1,35.1,46,12.0,0.0,0,Céu limpo,FullMoonClear.webp,0,2026-05-19T05:59,2026-05-19T19:43
2026-05-19 07:19,Sydney,Austrália,Oceania,15.2,15.7,14.8,20.0,97,7.9,0.0,2,Parcialmente nublado,ParcialNublado.webp,1,2026-05-19T06:43,2026-05-19T17:00
2026-05-18 18:29,São Paulo,Brasil,América do Sul,18.0,19.0,16.0,20.1,89,8.0,0.0,3,Nublado,OvercastNight.webp,0,2026-05-18T06:34,2026-05-18T17:31
2026-05-18 18:29,Rio de Janeiro,Brasil,América do Sul,23.1,26.1,22.4,26.3,87,8.7,0.0,3,Nublado,OvercastNight.webp,0,2026-05-18T06:20,2026-05-18T17:18
2026-05-18 18:29,Buenos Aires,Argentina,América do Sul,13.1,10.4,4.7,15.1,50,7.2,0.0,0,Céu limpo,FullMoonClear.webp,0,2026-05-18T07:42,2026-05-18T17:57
2026-05-18 15:29,Mexico City,México,América Central,27.1,26.2,14.0,27.3,25,7.2,0.0,1,Principalmente limpo,ParcialLimpo.webp,1,2026-05-18T06:00,2026-05-18T19:05
2026-05-18 17:29,New York,EUA,América do Norte,29.7,28.4,20.7,30.7,41,20.2,0.0,0,Céu limpo,Limpo.webp,1,2026-05-18T05:35,2026-05-18T20:09
2026-05-18 14:29,San Francisco,EUA,América do Norte,26.6,24.4,16.9,27.1,14,14.5,0.0,0,Céu limpo,Limpo.webp,1,2026-05-18T05:57,2026-05-18T20:15
2026-05-18 22:29,London,Reino Unido,Europa,12.4,9.4,8.5,14.2,64,13.7,0.0,3,Nublado,OvercastNight.webp,0,2026-05-18T05:03,2026-05-18T20:49
2026-05-18 23:29,Paris,França,Europa,13.0,11.7,9.2,15.7,68,3.6,0.0,3,Nublado,OvercastNight.webp,0,2026-05-18T06:04,2026-05-18T21:29
2026-05-19 06:29,Tokyo,Japão,Ásia,16.3,17.1,15.0,27.4,83,2.3,0.0,0,Céu limpo,Limpo.webp,1,2026-05-19T04:33,2026-05-19T18:42
2026-05-19 01:29,Dubai,Emirados Árabes,Oriente Médio,26.6,27.7,25.0,32.7,62,14.8,0.0,0,Céu limpo,FullMoonClear.webp,0,2026-05-19T05:32,2026-05-19T18:58
2026-05-19 00:29,Cairo,Egito,África,25.7,25.0,21.1,35.1,46,12.0,0.0,0,Céu limpo,FullMoonClear.webp,0,2026-05-19T05:59,2026-05-19T19:43
2026-05-19 07:29,Sydney,Austrália,Oceania,15.2,15.7,14.8,20.0,97,7.9,0.0,2,Parcialmente nublado,ParcialNublado.webp,1,2026-05-19T06:43,2026-05-19T17:00
2026-05-18 18:37,São Paulo,Brasil,América do Sul,18.0,19.0,16.0,20.1,90,7.8,0.0,3,Nublado,NightOvercast.webp,0,2026-05-18T06:34,2026-05-18T17:31
2026-05-18 18:37,Rio de Janeiro,Brasil,América do Sul,23.0,26.1,22.4,26.3,88,8.1,0.0,3,Nublado,NightOvercast.webp,0,2026-05-18T06:20,2026-05-18T17:18
2026-05-18 18:37,Buenos Aires,Argentina,América do Sul,12.8,10.1,4.7,15.1,52,7.1,0.0,0,Céu limpo,NightFullMoonClear.webp,0,2026-05-18T07:42,2026-05-18T17:57
2026-05-18 15:37,Mexico City,México,América Central,27.2,26.2,14.0,27.3,24,7.1,0.0,2,Parcialmente nublado,DayPartialCloudy.webp,1,2026-05-18T06:00,2026-05-18T19:05
2026-05-18 17:37,New York,EUA,América do Norte,27.4,25.7,20.7,30.7,45,21.4,0.0,0,Céu limpo,DayClear.webp,1,2026-05-18T05:35,2026-05-18T20:09
2026-05-18 14:37,San Francisco,EUA,América do Norte,26.7,24.2,16.9,26.8,13,14.4,0.0,0,Céu limpo,DayClear.webp,1,2026-05-18T05:57,2026-05-18T20:15
2026-05-18 22:37,London,Reino Unido,Europa,12.3,9.5,8.5,14.2,67,13.3,0.0,3,Nublado,NightOvercast.webp,0,2026-05-18T05:03,2026-05-18T20:49
2026-05-18 23:37,Paris,França,Europa,12.8,11.6,9.2,15.7,69,3.8,0.0,3,Nublado,NightOvercast.webp,0,2026-05-18T06:04,2026-05-18T21:29
2026-05-19 06:37,Tokyo,Japão,Ásia,16.9,17.7,15.0,27.4,81,2.6,0.0,0,Céu limpo,DayClear.webp,1,2026-05-19T04:33,2026-05-19T18:42
2026-05-19 01:37,Dubai,Emirados Árabes,Oriente Médio,26.5,27.6,25.0,32.7,62,14.9,0.0,0,Céu limpo,NightFullMoonClear.webp,0,2026-05-19T05:32,2026-05-19T18:58
2026-05-19 00:37,Cairo,Egito,África,25.4,24.9,21.1,35.1,48,11.3,0.0,0,Céu limpo,NightFullMoonClear.webp,0,2026-05-19T05:59,2026-05-19T19:43
2026-05-19 07:37,Sydney,Austrália,Oceania,15.4,15.9,14.8,20.0,97,8.3,0.0,2,Parcialmente nublado,DayPartialCloudy.webp,1,2026-05-19T06:43,2026-05-19T17:00
2026-05-18 19:06,São Paulo,Brasil,América do Sul,17.8,18.8,16.0,20.1,91,7.6,0.0,3,Nublado,NightOvercast.webp,0,2026-05-18T06:34,2026-05-18T17:31
2026-05-18 19:06,Rio de Janeiro,Brasil,América do Sul,22.8,26.1,22.4,26.3,89,7.4,0.0,3,Nublado,NightOvercast.webp,0,2026-05-18T06:20,2026-05-18T17:18
2026-05-18 19:06,Buenos Aires,Argentina,América do Sul,12.3,9.7,4.7,15.1,55,7.1,0.0,0,Céu limpo,NightFullMoonClear.webp,0,2026-05-18T07:42,2026-05-18T17:57
2026-05-18 16:06,Mexico City,México,América Central,27.3,25.5,14.0,27.3,24,6.9,0.0,2,Parcialmente nublado,DayPartialCloudy.webp,1,2026-05-18T06:00,2026-05-18T19:05
2026-05-18 18:06,New York,EUA,América do Norte,27.2,27.2,20.7,30.7,56,19.0,0.0,0,Céu limpo,DayClear.webp,1,2026-05-18T05:35,2026-05-18T20:09
2026-05-18 15:06,San Francisco,EUA,América do Norte,26.8,24.6,16.9,26.8,16,13.5,0.0,0,Céu limpo,DayClear.webp,1,2026-05-18T05:57,2026-05-18T20:15
2026-05-18 23:06,London,Reino Unido,Europa,12.2,9.5,8.5,14.2,71,13.3,0.0,3,Nublado,NightOvercast.webp,0,2026-05-18T05:03,2026-05-18T20:49
2026-05-19 00:06,Paris,França,Europa,12.6,11.3,11.1,17.4,71,4.3,0.0,3,Nublado,NightOvercast.webp,0,2026-05-19T06:03,2026-05-19T21:30
2026-05-19 07:06,Tokyo,Japão,Ásia,18.2,19.1,15.0,27.4,77,3.3,0.0,0,Céu limpo,DayClear.webp,1,2026-05-19T04:33,2026-05-19T18:42
2026-05-19 02:06,Dubai,Emirados Árabes,Oriente Médio,26.4,27.3,25.0,32.7,62,14.9,0.0,0,Céu limpo,NightFullMoonClear.webp,0,2026-05-19T05:32,2026-05-19T18:58
2026-05-19 01:06,Cairo,Egito,África,25.3,25.0,21.3,35.1,49,10.3,0.0,1,Principalmente limpo,NightPartialClean.webp,0,2026-05-19T05:59,2026-05-19T19:43
2026-05-19 08:06,Sydney,Austrália,Oceania,15.8,16.3,14.8,20.0,97,8.9,0.0,1,Principalmente limpo,DayPartialClean.webp,1,2026-05-19T06:43,2026-05-19T17:00
2026-05-18 23:37,São Paulo,Brasil,América do Sul,16.5,17.4,16.0,20.1,93,6.2,0.0,3,Nublado,NightOvercast.webp,0,2026-05-18T06:34,2026-05-18T17:31
2026-05-18 23:37,Rio de Janeiro,Brasil,América do Sul,22.8,25.9,22.4,26.3,90,9.2,0.0,3,Nublado,NightOvercast.webp,0,2026-05-18T06:20,2026-05-18T17:18
2026-05-18 23:37,Buenos Aires,Argentina,América do Sul,9.9,7.0,4.7,15.8,64,9.5,0.0,0,Céu limpo,NightFullMoonClear.webp,0,2026-05-18T07:42,2026-05-18T17:57
2026-05-18 20:37,Mexico City,México,América Central,17.2,18.1,14.0,27.6,85,4.5,0.1,51,Chuvisco,NightRain.webp,0,2026-05-18T06:00,2026-05-18T19:05
2026-05-18 22:37,New York,EUA,América do Norte,25.8,25.4,20.7,30.7,55,17.6,0.0,0,Céu limpo,NightFullMoonClear.webp,0,2026-05-18T05:35,2026-05-18T20:09
2026-05-18 19:37,San Francisco,EUA,América do Norte,21.2,17.3,16.9,28.0,36,18.5,0.0,0,Céu limpo,DayClear.webp,1,2026-05-18T05:57,2026-05-18T20:15
2026-05-19 03:37,London,Reino Unido,Europa,11.5,9.5,11.4,17.6,92,14.4,0.3,55,Chuvisco,NightRain.webp,0,2026-05-19T05:02,2026-05-19T20:51
2026-05-19 04:37,Paris,França,Europa,11.0,9.7,11.0,17.5,88,7.0,0.1,61,Chuva,NightRain.webp,0,2026-05-19T06:03,2026-05-19T21:30
2026-05-19 11:37,Tokyo,Japão,Ásia,26.9,30.6,14.9,27.1,53,7.2,0.0,1,Principalmente limpo,DayPartialClean.webp,1,2026-05-19T04:33,2026-05-19T18:42
2026-05-19 06:37,Dubai,Emirados Árabes,Oriente Médio,25.6,26.3,25.1,32.8,59,13.2,0.0,0,Céu limpo,DayClear.webp,1,2026-05-19T05:32,2026-05-19T18:58
2026-05-19 05:37,Cairo,Egito,África,21.6,21.9,21.4,35.1,63,8.0,0.0,0,Céu limpo,NightFullMoonClear.webp,0,2026-05-19T05:59,2026-05-19T19:43
2026-05-19 12:37,Sydney,Austrália,Oceania,19.5,20.2,14.8,20.1,76,8.0,0.0,2,Parcialmente nublado,DayPartialCloudy.webp,1,2026-05-19T06:43,2026-05-19T17:00
2026-05-19 00:02,São Paulo,Brasil,América do Sul,16.4,17.4,15.6,18.7,94,5.1,0.0,3,Nublado,NightOvercast.webp,0,2026-05-19T06:35,2026-05-19T17:30
2026-05-19 00:02,Rio de Janeiro,Brasil,América do Sul,22.7,25.9,21.6,24.9,90,8.8,0.0,3,Nublado,NightOvercast.webp,0,2026-05-19T06:20,2026-05-19T17:18
2026-05-19 00:02,Buenos Aires,Argentina,América do Sul,9.7,6.7,6.7,16.6,65,10.1,0.0,0,Céu limpo,NightFullMoonClear.webp,0,2026-05-19T07:43,2026-05-19T17:56
2026-05-18 21:02,Mexico City,México,América Central,17.9,18.3,14.0,27.6,75,4.4,0.1,51,Chuvisco,NightRain.webp,0,2026-05-18T06:00,2026-05-18T19:05
2026-05-18 23:02,New York,EUA,América do Norte,25.2,24.9,20.7,30.7,55,15.5,0.0,0,Céu limpo,NightFullMoonClear.webp,0,2026-05-18T05:35,2026-05-18T20:09
2026-05-18 20:02,San Francisco,EUA,América do Norte,20.3,16.7,16.9,28.0,38,16.9,0.0,0,Céu limpo,DayClear.webp,1,2026-05-18T05:57,2026-05-18T20:15
2026-05-19 04:02,London,Reino Unido,Europa,11.4,9.4,11.3,17.2,92,14.8,0.2,53,Chuvisco,NightRain.webp,0,2026-05-19T05:02,2026-05-19T20:51
2026-05-19 05:02,Paris,França,Europa,11.0,9.7,11.0,17.5,88,7.2,0.0,61,Chuva,NightRain.webp,0,2026-05-19T06:03,2026-05-19T21:30
2026-05-19 12:02,Tokyo,Japão,Ásia,27.1,30.3,14.9,27.1,53,7.6,0.0,3,Nublado,DayCumulusCongestus.webp,1,2026-05-19T04:33,2026-05-19T18:42
2026-05-19 07:02,Dubai,Emirados Árabes,Oriente Médio,26.5,27.2,25.1,32.8,57,12.4,0.0,0,Céu limpo,DayClear.webp,1,2026-05-19T05:32,2026-05-19T18:58
2026-05-19 06:02,Cairo,Egito,África,21.4,21.6,21.4,35.1,64,8.0,0.0,0,Céu limpo,DayClear.webp,1,2026-05-19T05:59,2026-05-19T19:43
2026-05-19 13:02,Sydney,Austrália,Oceania,19.6,19.9,14.8,20.1,75,9.7,0.0,2,Parcialmente nublado,DayPartialCloudy.webp,1,2026-05-19T06:43,2026-05-19T17:00
2026-05-19 04:43,São Paulo,Brasil,América do Sul,16.0,17.0,14.9,18.4,95,5.4,0.1,51,Chuvisco,NightRain.webp,0,2026-05-19T06:35,2026-05-19T17:30
2026-05-19 04:43,Rio de Janeiro,Brasil,América do Sul,22.5,25.8,21.6,24.1,93,7.8,0.0,3,Nublado,NightOvercast.webp,0,2026-05-19T06:20,2026-05-19T17:18
2026-05-19 04:43,Buenos Aires,Argentina,América do Sul,7.2,4.0,6.3,16.4,76,11.5,0.0,0,Céu limpo,NightFullMoonClear.webp,0,2026-05-19T07:43,2026-05-19T17:56
2026-05-19 01:43,Mexico City,México,América Central,18.8,18.7,15.6,28.1,57,1.0,0.0,0,Céu limpo,NightFullMoonClear.webp,0,2026-05-19T05:59,2026-05-19T19:06
2026-05-19 03:43,New York,EUA,América do Norte,23.6,23.7,22.3,36.6,65,14.9,0.0,0,Céu limpo,NightFullMoonClear.webp,0,2026-05-19T05:35,2026-05-19T20:09
2026-05-19 00:43,San Francisco,EUA,América do Norte,15.8,12.5,12.1,28.7,41,10.6,0.0,0,Céu limpo,NightFullMoonClear.webp,0,2026-05-19T05:56,2026-05-19T20:16
2026-05-19 08:43,London,Reino Unido,Europa,11.7,9.3,11.2,16.9,92,17.6,0.1,51,Chuvisco,drizzle.webp,1,2026-05-19T05:02,2026-05-19T20:51
2026-05-19 09:43,Paris,França,Europa,12.2,10.4,11.0,16.5,81,10.5,0.0,61,Chuva,DayRain.webp,1,2026-05-19T06:03,2026-05-19T21:30
2026-05-19 16:43,Tokyo,Japão,Ásia,24.6,25.4,14.9,27.9,60,9.4,0.0,1,Principalmente limpo,DayPartialClean.webp,1,2026-05-19T04:33,2026-05-19T18:42
2026-05-19 11:43,Dubai,Emirados Árabes,Oriente Médio,32.2,36.5,24.9,32.3,51,14.3,0.0,0,Céu limpo,DayClear.webp,1,2026-05-19T05:32,2026-05-19T18:58
2026-05-19 10:43,Cairo,Egito,África,27.7,28.6,21.1,35.1,39,9.2,0.0,0,Céu limpo,DayClear.webp,1,2026-05-19T05:59,2026-05-19T19:43
2026-05-19 17:43,Sydney,Austrália,Oceania,17.6,17.3,15.2,20.3,79,10.9,0.0,2,Parcialmente nublado,NightPartialCloudy.webp,0,2026-05-19T06:43,2026-05-19T17:00
2026-05-19 08:16,São Paulo,Brasil,América do Sul,16.1,17.1,14.9,18.4,93,5.1,0.1,51,Chuvisco,drizzle.webp,1,2026-05-19T06:35,2026-05-19T17:30
2026-05-19 08:16,Rio de Janeiro,Brasil,América do Sul,22.9,25.5,21.6,24.1,88,11.3,0.1,51,Chuvisco,drizzle.webp,1,2026-05-19T06:20,2026-05-19T17:18
2026-05-19 08:16,Buenos Aires,Argentina,América do Sul,6.5,3.4,6.3,16.4,80,10.5,0.0,0,Céu limpo,DayClear.webp,1,2026-05-19T07:43,2026-05-19T17:56
2026-05-19 05:16,Mexico City,México,América Central,15.9,15.9,15.6,28.1,72,1.9,0.0,0,Céu limpo,NightFullMoonClear.webp,0,2026-05-19T05:59,2026-05-19T19:06
2026-05-19 07:16,New York,EUA,América do Norte,23.8,24.5,22.0,36.5,71,16.5,0.0,0,Céu limpo,DayClear.webp,1,2026-05-19T05:35,2026-05-19T20:09
2026-05-19 04:16,San Francisco,EUA,América do Norte,13.2,10.9,11.4,28.2,51,4.5,0.0,0,Céu limpo,NightFullMoonClear.webp,0,2026-05-19T05:56,2026-05-19T20:16
2026-05-19 12:16,London,Reino Unido,Europa,16.3,13.9,11.2,17.5,68,18.0,0.0,3,Nublado,DayCumulusCongestus.webp,1,2026-05-19T05:02,2026-05-19T20:51
2026-05-19 13:16,Paris,França,Europa,15.2,13.1,11.0,17.4,71,14.3,0.1,61,Chuva,DayRain.webp,1,2026-05-19T06:03,2026-05-19T21:30
2026-05-19 20:16,Tokyo,Japão,Ásia,20.1,20.7,14.9,27.9,73,7.9,0.0,1,Principalmente limpo,NightPartialClean.webp,0,2026-05-19T04:33,2026-05-19T18:42
2026-05-19 15:16,Dubai,Emirados Árabes,Oriente Médio,31.8,34.6,24.9,32.3,56,19.4,0.0,0,Céu limpo,DayClear.webp,1,2026-05-19T05:32,2026-05-19T18:58
2026-05-19 14:16,Cairo,Egito,África,34.6,35.9,21.1,35.4,25,9.8,0.0,0,Céu limpo,DayClear.webp,1,2026-05-19T05:59,2026-05-19T19:43
2026-05-19 21:16,Sydney,Austrália,Oceania,16.1,15.1,15.2,20.3,78,11.7,0.0,1,Principalmente limpo,NightPartialClean.webp,0,2026-05-19T06:43,2026-05-19T17:00
2026-05-19 11:58,São Paulo,Brasil,América do Sul,17.8,18.8,15.4,18.0,83,3.6,0.0,3,Nublado,DayCumulusCongestus.webp,1,2026-05-19T06:35,2026-05-19T17:30
2026-05-19 11:58,Rio de Janeiro,Brasil,América do Sul,23.6,25.5,21.4,24.1,81,14.4,0.0,3,Nublado,DayCumulusCongestus.webp,1,2026-05-19T06:20,2026-05-19T17:18
2026-05-19 11:58,Buenos Aires,Argentina,América do Sul,12.3,9.6,5.9,16.1,59,9.5,0.0,0,Céu limpo,DayClear.webp,1,2026-05-19T07:43,2026-05-19T17:56
2026-05-19 08:58,Mexico City,México,América Central,20.4,20.7,15.5,29.0,56,0.3,0.0,0,Céu limpo,DayClear.webp,1,2026-05-19T05:59,2026-05-19T19:06
2026-05-19 10:58,New York,EUA,América do Norte,29.5,32.9,22.1,36.1,60,15.4,0.0,0,Céu limpo,DayClear.webp,1,2026-05-19T05:35,2026-05-19T20:09
2026-05-19 07:58,San Francisco,EUA,América do Norte,14.9,14.1,11.8,28.0,66,2.8,0.0,0,Céu limpo,DayClear.webp,1,2026-05-19T05:56,2026-05-19T20:16
2026-05-19 15:58,London,Reino Unido,Europa,16.3,13.2,11.2,17.2,70,23.4,0.0,3,Nublado,DayCumulusCongestus.webp,1,2026-05-19T05:02,2026-05-19T20:51
2026-05-19 16:58,Paris,França,Europa,16.0,14.2,11.0,17.7,73,15.0,0.0,3,Nublado,DayCumulusCongestus.webp,1,2026-05-19T06:03,2026-05-19T21:30
2026-05-19 23:58,Tokyo,Japão,Ásia,18.2,19.8,14.9,27.9,88,3.8,0.0,2,Parcialmente nublado,NightPartialCloudy.webp,0,2026-05-19T04:33,2026-05-19T18:42
2026-05-19 18:58,Dubai,Emirados Árabes,Oriente Médio,30.3,32.4,24.9,32.2,53,10.2,0.0,0,Céu limpo,NightFullMoonClear.webp,0,2026-05-19T05:32,2026-05-19T18:58
2026-05-19 17:58,Cairo,Egito,África,34.8,33.4,21.1,35.4,23,10.8,0.0,0,Céu limpo,DayClear.webp,1,2026-05-19T05:59,2026-05-19T19:43
2026-05-19 15:04,São Paulo,Brasil,América do Sul,18.0,18.7,15.4,18.0,82,5.7,0.0,3,Nublado,DayCumulusCongestus.webp,1,2026-05-19T06:35,2026-05-19T17:30
2026-05-19 15:04,Rio de Janeiro,Brasil,América do Sul,23.7,25.0,21.4,24.1,78,16.6,0.0,3,Nublado,DayCumulusCongestus.webp,1,2026-05-19T06:20,2026-05-19T17:18
2026-05-19 15:04,Buenos Aires,Argentina,América do Sul,16.0,13.0,5.9,16.1,45,11.1,0.0,0,Céu limpo,DayClear.webp,1,2026-05-19T07:43,2026-05-19T17:56
2026-05-19 12:04,Mexico City,México,América Central,27.1,27.8,15.5,29.0,30,6.4,0.0,1,Principalmente limpo,DayPartialClean.webp,1,2026-05-19T05:59,2026-05-19T19:06
2026-05-19 14:04,New York,EUA,América do Norte,35.1,37.3,22.1,35.8,39,17.0,0.0,0,Céu limpo,DayClear.webp,1,2026-05-19T05:35,2026-05-19T20:09
2026-05-19 11:04,San Francisco,EUA,América do Norte,24.0,24.0,11.8,28.2,27,4.2,0.0,0,Céu limpo,DayClear.webp,1,2026-05-19T05:56,2026-05-19T20:16
2026-05-19 19:04,London,Reino Unido,Europa,16.1,13.1,11.2,17.2,67,20.5,0.0,3,Nublado,DayCumulusCongestus.webp,1,2026-05-19T05:02,2026-05-19T20:51
2026-05-19 20:04,Paris,França,Europa,17.2,15.7,11.0,17.2,74,15.5,0.0,3,Nublado,DayCumulusCongestus.webp,1,2026-05-19T06:03,2026-05-19T21:30
2026-05-20 03:04,Tokyo,Japão,Ásia,16.8,18.5,16.3,28.8,92,1.6,0.0,0,Céu limpo,NightFullMoonClear.webp,0,2026-05-20T04:32,2026-05-20T18:43
2026-05-19 22:04,Dubai,Emirados Árabes,Oriente Médio,29.5,30.8,24.9,32.2,48,9.2,0.0,0,Céu limpo,NightFullMoonClear.webp,0,2026-05-19T05:32,2026-05-19T18:58
2026-05-19 21:04,Cairo,Egito,África,29.2,27.0,21.1,35.7,32,16.7,0.0,1,Principalmente limpo,NightPartialClean.webp,0,2026-05-19T05:59,2026-05-19T19:43
2026-05-19 18:18,São Paulo,Brasil,América do Sul,16.8,17.7,15.4,18.0,90,5.6,0.0,3,Nublado,NightOvercast.webp,0,2026-05-19T06:35,2026-05-19T17:30
2026-05-19 18:18,Rio de Janeiro,Brasil,América do Sul,22.0,24.2,21.4,24.1,91,13.1,0.1,51,Chuvisco,NightRain.webp,0,2026-05-19T06:20,2026-05-19T17:18
2026-05-19 18:18,Buenos Aires,Argentina,América do Sul,14.1,11.7,5.9,16.1,54,8.8,0.0,0,Céu limpo,NightFullMoonClear.webp,0,2026-05-19T07:43,2026-05-19T17:56
2026-05-19 15:18,Mexico City,México,América Central,23.6,21.8,15.5,29.0,39,10.1,0.1,51,Chuvisco,drizzle.webp,1,2026-05-19T05:59,2026-05-19T19:06
2026-05-19 17:18,New York,EUA,América do Norte,35.4,33.2,22.1,35.5,28,23.9,0.0,0,Céu limpo,DayClear.webp,1,2026-05-19T05:35,2026-05-19T20:09
2026-05-19 14:18,San Francisco,EUA,América do Norte,28.2,27.3,11.8,28.5,21,13.0,0.0,0,Céu limpo,DayClear.webp,1,2026-05-19T05:56,2026-05-19T20:16
2026-05-19 22:18,London,Reino Unido,Europa,14.5,11.5,11.2,17.2,73,19.8,0.0,3,Nublado,NightOvercast.webp,0,2026-05-19T05:02,2026-05-19T20:51
2026-05-19 23:18,Paris,França,Europa,15.5,14.7,11.0,16.9,82,11.1,0.0,2,Parcialmente nublado,NightPartialCloudy.webp,0,2026-05-19T06:03,2026-05-19T21:30
2026-05-20 06:18,Tokyo,Japão,Ásia,16.5,18.2,15.6,28.8,95,1.8,0.0,1,Principalmente limpo,DayPartialClean.webp,1,2026-05-20T04:32,2026-05-20T18:43
2026-05-20 01:18,Dubai,Emirados Árabes,Oriente Médio,28.0,28.1,26.6,38.5,46,11.5,0.0,0,Céu limpo,NightFullMoonClear.webp,0,2026-05-20T05:31,2026-05-20T18:58
2026-05-20 00:18,Cairo,Egito,África,24.8,23.7,20.4,28.8,38,6.5,0.0,1,Principalmente limpo,NightPartialClean.webp,0,2026-05-20T05:58,2026-05-20T19:44
2026-05-19 20:01,São Paulo,Brasil,América do Sul,16.5,17.5,15.6,18.5,91,4.8,0.0,3,Nublado,NightOvercast.webp,0,2026-05-19T06:35,2026-05-19T17:30
2026-05-19 20:01,Rio de Janeiro,Brasil,América do Sul,21.6,24.0,21.3,24.3,95,12.3,1.8,63,Chuva,NightRain.webp,0,2026-05-19T06:20,2026-05-19T17:18
2026-05-19 20:01,Buenos Aires,Argentina,América do Sul,13.0,10.5,5.9,16.5,60,9.6,0.0,0,Céu limpo,NightFullMoonClear.webp,0,2026-05-19T07:43,2026-05-19T17:56
2026-05-19 17:01,Mexico City,México,América Central,17.8,18.2,14.6,27.9,73,3.6,0.7,63,Chuva,DayRain.webp,1,2026-05-19T05:59,2026-05-19T19:06
2026-05-19 19:01,New York,EUA,América do Norte,33.5,32.0,22.1,34.6,32,20.7,0.0,0,Céu limpo,DayClear.webp,1,2026-05-19T05:35,2026-05-19T20:09
2026-05-19 16:01,San Francisco,EUA,América do Norte,25.4,21.3,11.8,28.8,22,23.3,0.0,0,Céu limpo,DayClear.webp,1,2026-05-19T05:56,2026-05-19T20:16
2026-05-20 00:01,London,Reino Unido,Europa,13.8,10.5,13.3,19.9,74,20.9,0.0,2,Parcialmente nublado,NightPartialCloudy.webp,0,2026-05-20T05:01,2026-05-20T20:52
2026-05-20 01:01,Paris,França,Europa,14.9,13.6,13.0,21.3,81,12.4,0.0,2,Parcialmente nublado,NightPartialCloudy.webp,0,2026-05-20T06:02,2026-05-20T21:31
2026-05-20 08:01,Tokyo,Japão,Ásia,19.7,21.9,15.6,28.8,82,1.1,0.0,0,Céu limpo,DayClear.webp,1,2026-05-20T04:32,2026-05-20T18:43
2026-05-20 03:01,Dubai,Emirados Árabes,Oriente Médio,27.0,26.8,26.4,37.5,45,10.1,0.0,0,Céu limpo,NightFullMoonClear.webp,0,2026-05-20T05:31,2026-05-20T18:58
2026-05-20 00:24,São Paulo,Brasil,América do Sul,15.6,16.3,14.7,19.8,92,4.2,0.0,3,Nublado,NightOvercast.webp,0,2026-05-20T06:35,2026-05-20T17:30
2026-05-20 00:24,Rio de Janeiro,Brasil,América do Sul,21.6,24.8,20.7,22.4,96,7.3,0.0,3,Nublado,NightOvercast.webp,0,2026-05-20T06:21,2026-05-20T17:17
2026-05-20 00:24,Buenos Aires,Argentina,América do Sul,11.1,8.5,7.4,14.3,66,9.3,0.0,0,Céu limpo,NightFullMoonClear.webp,0,2026-05-20T07:44,2026-05-20T17:56
2026-05-19 21:24,Mexico City,México,América Central,19.8,19.3,14.6,27.2,58,5.8,0.0,3,Nublado,NightOvercast.webp,0,2026-05-19T05:59,2026-05-19T19:06
2026-05-19 23:24,New York,EUA,América do Norte,27.1,27.1,22.1,34.6,51,14.8,0.0,2,Parcialmente nublado,NightPartialCloudy.webp,0,2026-05-19T05:35,2026-05-19T20:09
2026-05-19 20:24,San Francisco,EUA,América do Norte,19.9,16.0,11.8,28.8,34,15.9,0.0,0,Céu limpo,NightFullMoonClear.webp,0,2026-05-19T05:56,2026-05-19T20:16
2026-05-20 04:24,London,Reino Unido,Europa,13.2,10.2,13.1,19.4,75,19.1,0.0,3,Nublado,NightOvercast.webp,0,2026-05-20T05:01,2026-05-20T20:52
2026-05-20 05:24,Paris,França,Europa,13.4,12.1,13.4,20.6,84,10.5,0.0,3,Nublado,NightOvercast.webp,0,2026-05-20T06:02,2026-05-20T21:31
2026-05-20 12:24,Tokyo,Japão,Ásia,27.8,32.1,16.3,28.1,56,5.4,0.0,0,Céu limpo,DayClear.webp,1,2026-05-20T04:32,2026-05-20T18:43
2026-05-20 07:24,Dubai,Emirados Árabes,Oriente Médio,29.0,27.5,26.8,37.2,30,9.6,0.0,0,Céu limpo,DayClear.webp,1,2026-05-20T05:31,2026-05-20T18:58
2026-05-20 06:24,Cairo,Egito,África,20.2,19.9,20.3,29.0,57,5.1,0.0,1,Principalmente limpo,DayPartialClean.webp,1,2026-05-20T05:58,2026-05-20T19:44
2026-05-20 13:24,Sydney,Austrália,Oceania,18.0,15.4,12.1,18.1,48,12.8,0.0,0,Céu limpo,DayClear.webp,1,2026-05-20T06:43,2026-05-20T16:59
2026-05-20 04:41,São Paulo,Brasil,América do Sul,15.9,16.7,15.0,19.5,93,4.5,0.1,51,Chuvisco,NightRain.webp,0,2026-05-20T06:35,2026-05-20T17:30
2026-05-20 04:41,Rio de Janeiro,Brasil,América do Sul,21.3,25.0,21.1,23.6,96,3.6,0.0,3,Nublado,NightOvercast.webp,0,2026-05-20T06:21,2026-05-20T17:17
2026-05-20 04:41,Buenos Aires,Argentina,América do Sul,8.6,5.8,7.2,14.4,77,10.4,0.0,0,Céu limpo,NightFullMoonClear.webp,0,2026-05-20T07:44,2026-05-20T17:56
2026-05-20 01:41,Mexico City,México,América Central,15.1,15.6,13.2,26.0,89,3.2,0.0,2,Parcialmente nublado,NightPartialCloudy.webp,0,2026-05-20T05:59,2026-05-20T19:06
2026-05-20 03:41,New York,EUA,América do Norte,24.9,26.7,19.7,34.3,70,10.8,0.0,0,Céu limpo,NightFullMoonClear.webp,0,2026-05-20T05:34,2026-05-20T20:10
2026-05-20 00:41,San Francisco,EUA,América do Norte,13.3,11.8,11.3,26.2,67,5.2,0.0,0,Céu limpo,NightFullMoonClear.webp,0,2026-05-20T05:55,2026-05-20T20:16
2026-05-20 08:41,London,Reino Unido,Europa,14.3,11.3,12.9,19.2,67,17.6,0.0,3,Nublado,DayCumulusCongestus.webp,1,2026-05-20T05:01,2026-05-20T20:52
2026-05-20 09:41,Paris,França,Europa,15.3,13.1,13.5,20.2,75,17.0,0.0,3,Nublado,DayCumulusCongestus.webp,1,2026-05-20T06:02,2026-05-20T21:31
2026-05-20 16:41,Tokyo,Japão,Ásia,26.1,28.1,16.3,28.7,62,7.2,0.0,1,Principalmente limpo,DayPartialClean.webp,1,2026-05-20T04:32,2026-05-20T18:43
2026-05-20 11:41,Dubai,Emirados Árabes,Oriente Médio,38.0,38.0,27.1,38.5,21,18.2,0.0,0,Céu limpo,DayClear.webp,1,2026-05-20T05:31,2026-05-20T18:58
2026-05-20 10:41,Cairo,Egito,África,25.0,25.7,20.6,28.9,50,11.0,0.0,1,Principalmente limpo,DayPartialClean.webp,1,2026-05-20T05:58,2026-05-20T19:44
2026-05-20 07:48,São Paulo,Brasil,América do Sul,15.2,15.9,15.0,19.5,97,5.9,0.4,61,Chuva,DayRain.webp,1,2026-05-20T06:35,2026-05-20T17:30
2026-05-20 07:48,Rio de Janeiro,Brasil,América do Sul,21.7,25.0,21.1,23.6,93,5.8,0.0,3,Nublado,DayCumulusCongestus.webp,1,2026-05-20T06:21,2026-05-20T17:17
2026-05-20 07:48,Buenos Aires,Argentina,América do Sul,7.2,4.4,7.2,14.4,85,11.4,0.0,0,Céu limpo,DayClear.webp,1,2026-05-20T07:44,2026-05-20T17:56
2026-05-20 04:48,Mexico City,México,América Central,13.8,14.1,13.2,26.0,94,3.7,0.0,0,Céu limpo,NightFullMoonClear.webp,0,2026-05-20T05:59,2026-05-20T19:06
2026-05-20 06:48,New York,EUA,América do Norte,24.7,25.5,17.8,34.4,66,14.5,0.0,0,Céu limpo,DayClear.webp,1,2026-05-20T05:34,2026-05-20T20:10
2026-05-20 03:48,San Francisco,EUA,América do Norte,11.3,9.4,11.2,25.2,76,7.6,0.0,0,Céu limpo,NightFullMoonClear.webp,0,2026-05-20T05:55,2026-05-20T20:16
2026-05-20 11:48,London,Reino Unido,Europa,16.7,13.8,12.8,18.5,58,17.6,0.0,3,Nublado,DayCumulusCongestus.webp,1,2026-05-20T05:01,2026-05-20T20:52
2026-05-20 12:48,Paris,França,Europa,18.5,16.5,13.5,20.4,61,15.2,0.0,3,Nublado,DayCumulusCongestus.webp,1,2026-05-20T06:02,2026-05-20T21:31
2026-05-20 19:48,Tokyo,Japão,Ásia,22.1,24.3,16.3,28.7,79,5.9,0.0,3,Nublado,NightOvercast.webp,0,2026-05-20T04:32,2026-05-20T18:43
2026-05-20 14:49,Dubai,Emirados Árabes,Oriente Médio,33.7,35.8,27.1,38.5,45,20.9,0.0,0,Céu limpo,DayClear.webp,1,2026-05-20T05:31,2026-05-20T18:58
2026-05-20 11:59,São Paulo,Brasil,América do Sul,19.4,20.7,14.9,20.8,75,1.9,0.0,3,Nublado,DayCumulusCongestus.webp,1,2026-05-20T06:35,2026-05-20T17:30
2026-05-20 11:59,Rio de Janeiro,Brasil,América do Sul,24.3,26.8,21.4,24.3,77,9.6,0.1,51,Chuvisco,drizzle.webp,1,2026-05-20T06:21,2026-05-20T17:17
2026-05-20 11:59,Buenos Aires,Argentina,América do Sul,12.5,10.4,7.1,14.2,66,8.2,0.0,0,Céu limpo,DayClear.webp,1,2026-05-20T07:44,2026-05-20T17:56
2026-05-20 08:59,Mexico City,México,América Central,17.6,17.8,12.8,27.0,65,1.3,0.0,0,Céu limpo,DayClear.webp,1,2026-05-20T05:59,2026-05-20T19:06
2026-05-20 10:59,New York,EUA,América do Norte,31.6,32.3,20.9,34.6,42,21.2,0.0,0,Céu limpo,DayClear.webp,1,2026-05-20T05:34,2026-05-20T20:10
2026-05-20 07:59,San Francisco,EUA,América do Norte,12.9,11.4,11.0,23.5,79,8.8,0.0,3,Nublado,DayCumulusCongestus.webp,1,2026-05-20T05:55,2026-05-20T20:16
2026-05-20 15:59,London,Reino Unido,Europa,18.3,15.3,12.8,18.6,60,22.0,0.0,3,Nublado,DayCumulusCongestus.webp,1,2026-05-20T05:01,2026-05-20T20:52
2026-05-20 16:59,Paris,França,Europa,20.2,18.6,13.5,20.3,55,13.0,0.0,3,Nublado,DayCumulusCongestus.webp,1,2026-05-20T06:02,2026-05-20T21:31
2026-05-20 23:59,Tokyo,Japão,Ásia,20.3,23.1,16.3,28.7,90,2.6,0.0,2,Parcialmente nublado,NightPartialCloudy.webp,0,2026-05-20T04:32,2026-05-20T18:43
2026-05-20 18:59,Dubai,Emirados Árabes,Oriente Médio,29.8,33.4,27.1,37.7,69,14.7,0.0,0,Céu limpo,NightFullMoonClear.webp,0,2026-05-20T05:31,2026-05-20T18:58
2026-05-20 15:15,São Paulo,Brasil,América do Sul,20.6,21.5,14.9,20.8,69,4.9,0.1,51,Chuvisco,drizzle.webp,1,2026-05-20T06:35,2026-05-20T17:30
2026-05-20 15:15,Rio de Janeiro,Brasil,América do Sul,22.5,24.4,21.4,24.3,86,13.9,0.2,53,Chuvisco,drizzle.webp,1,2026-05-20T06:21,2026-05-20T17:17
2026-05-20 15:15,Buenos Aires,Argentina,América do Sul,14.0,11.0,7.1,14.2,57,13.4,0.0,3,Nublado,DayCumulusCongestus.webp,1,2026-05-20T07:44,2026-05-20T17:56
2026-05-20 12:15,Mexico City,México,América Central,26.0,28.4,12.8,27.0,35,3.3,0.0,2,Parcialmente nublado,DayPartialCloudy.webp,1,2026-05-20T05:59,2026-05-20T19:06
2026-05-20 14:15,New York,EUA,América do Norte,34.4,35.2,23.4,34.4,36,23.3,0.0,0,Céu limpo,DayClear.webp,1,2026-05-20T05:34,2026-05-20T20:10
2026-05-20 11:15,San Francisco,EUA,América do Norte,22.1,23.7,11.0,23.1,47,4.7,0.0,0,Céu limpo,DayClear.webp,1,2026-05-20T05:55,2026-05-20T20:16
2026-05-20 19:15,London,Reino Unido,Europa,17.4,14.4,12.8,19.6,65,22.0,0.0,3,Nublado,DayCumulusCongestus.webp,1,2026-05-20T05:01,2026-05-20T20:52
2026-05-20 20:15,Paris,França,Europa,19.4,18.6,13.5,20.4,61,9.3,0.0,2,Parcialmente nublado,DayPartialCloudy.webp,1,2026-05-20T06:02,2026-05-20T21:31
2026-05-21 03:15,Tokyo,Japão,Ásia,18.7,21.3,15.1,20.1,98,3.4,0.0,2,Parcialmente nublado,NightPartialCloudy.webp,0,2026-05-21T04:32,2026-05-21T18:43
2026-05-20 22:15,Dubai,Emirados Árabes,Oriente Médio,29.2,30.9,27.1,37.7,59,16.5,0.0,0,Céu limpo,NightFullMoonClear.webp,0,2026-05-20T05:31,2026-05-20T18:58
2026-05-20 21:15,Cairo,Egito,África,22.4,21.0,20.8,29.4,47,10.5,0.0,0,Céu limpo,NightFullMoonClear.webp,0,2026-05-20T05:58,2026-05-20T19:44
2026-05-21 04:15,Sydney,Austrália,Oceania,12.0,9.3,11.1,17.4,73,13.8,0.0,0,Céu limpo,NightFullMoonClear.webp,0,2026-05-21T06:44,2026-05-21T16:59
2026-05-20 18:51,São Paulo,Brasil,América do Sul,16.9,17.6,14.9,21.2,92,7.9,0.0,3,Nublado,NightOvercast.webp,0,2026-05-20T06:35,2026-05-20T17:30
2026-05-20 18:51,Rio de Janeiro,Brasil,América do Sul,21.9,24.4,21.2,23.2,91,10.0,0.0,3,Nublado,NightOvercast.webp,0,2026-05-20T06:21,2026-05-20T17:17
2026-05-20 18:51,Buenos Aires,Argentina,América do Sul,12.8,10.3,7.1,14.2,64,10.3,0.0,3,Nublado,NightOvercast.webp,0,2026-05-20T07:44,2026-05-20T17:56
2026-05-20 15:51,Mexico City,México,América Central,26.4,24.1,13.3,27.4,28,8.5,0.1,51,Chuvisco,drizzle.webp,1,2026-05-20T05:59,2026-05-20T19:06
2026-05-20 17:51,New York,EUA,América do Norte,33.2,32.4,21.3,34.3,35,18.4,0.0,0,Céu limpo,DayClear.webp,1,2026-05-20T05:34,2026-05-20T20:10
2026-05-20 14:51,San Francisco,EUA,América do Norte,21.9,21.0,11.0,23.9,47,20.0,0.0,0,Céu limpo,DayClear.webp,1,2026-05-20T05:55,2026-05-20T20:16
2026-05-20 22:51,London,Reino Unido,Europa,15.8,14.9,12.8,19.6,77,10.1,0.0,3,Nublado,NightOvercast.webp,0,2026-05-20T05:01,2026-05-20T20:52
2026-05-20 23:51,Paris,França,Europa,16.3,16.4,13.5,20.4,74,3.1,0.0,0,Céu limpo,NightFullMoonClear.webp,0,2026-05-20T06:02,2026-05-20T21:31
2026-05-21 06:51,Tokyo,Japão,Ásia,18.3,21.1,15.2,20.7,99,1.5,0.5,61,Chuva,DayRain.webp,1,2026-05-21T04:32,2026-05-21T18:43
2026-05-21 01:51,Dubai,Emirados Árabes,Oriente Médio,27.3,28.4,26.9,33.3,64,18.7,0.0,0,Céu limpo,NightFullMoonClear.webp,0,2026-05-21T05:31,2026-05-21T18:59
2026-05-21 00:51,Cairo,Egito,África,19.5,19.4,18.0,28.7,61,4.8,0.0,1,Principalmente limpo,NightPartialClean.webp,0,2026-05-21T05:58,2026-05-21T19:45
2026-05-20 20:11,São Paulo,Brasil,América do Sul,16.2,17.2,14.9,21.2,94,5.4,0.0,2,Parcialmente nublado,NightPartialCloudy.webp,0,2026-05-20T06:35,2026-05-20T17:30
2026-05-20 20:11,Rio de Janeiro,Brasil,América do Sul,21.6,24.1,21.2,23.2,93,10.6,0.1,51,Chuvisco,NightRain.webp,0,2026-05-20T06:21,2026-05-20T17:17
2026-05-20 20:11,Buenos Aires,Argentina,América do Sul,12.1,9.2,7.1,14.2,66,13.3,0.0,3,Nublado,NightOvercast.webp,0,2026-05-20T07:44,2026-05-20T17:56
2026-05-20 17:11,Mexico City,México,América Central,25.3,23.0,13.3,27.4,30,9.2,0.1,51,Chuvisco,drizzle.webp,1,2026-05-20T05:59,2026-05-20T19:06
2026-05-20 19:11,New York,EUA,América do Norte,29.4,27.2,20.9,34.3,51,35.2,0.4,80,Chuva,DayRain.webp,1,2026-05-20T05:34,2026-05-20T20:10
2026-05-20 16:11,San Francisco,EUA,América do Norte,20.1,18.2,11.0,24.2,54,22.1,0.0,0,Céu limpo,DayClear.webp,1,2026-05-20T05:55,2026-05-20T20:16
2026-05-21 00:11,London,Reino Unido,Europa,15.4,14.1,12.9,23.6,72,10.1,0.0,1,Principalmente limpo,NightPartialClean.webp,0,2026-05-21T05:00,2026-05-21T20:54
2026-05-21 01:11,Paris,França,Europa,15.6,15.7,11.9,24.4,76,1.9,0.0,0,Céu limpo,NightFullMoonClear.webp,0,2026-05-21T06:01,2026-05-21T21:33
2026-05-21 08:11,Tokyo,Japão,Ásia,18.9,22.0,15.5,21.0,99,1.6,2.3,65,Chuva,DayRain.webp,1,2026-05-21T04:32,2026-05-21T18:43
2026-05-21 03:11,Dubai,Emirados Árabes,Oriente Médio,27.0,28.4,26.9,33.3,65,16.7,0.0,0,Céu limpo,NightFullMoonClear.webp,0,2026-05-21T05:31,2026-05-21T18:59
2026-05-21 02:11,Cairo,Egito,África,19.1,19.2,18.1,28.7,64,3.6,0.0,1,Principalmente limpo,NightPartialClean.webp,0,2026-05-21T05:58,2026-05-21T19:45
2026-05-21 09:11,Sydney,Austrália,Oceania,14.9,12.6,10.9,17.3,71,14.9,0.0,1,Principalmente limpo,DayPartialClean.webp,1,2026-05-21T06:44,2026-05-21T16:59
2026-05-21 00:31,São Paulo,Brasil,América do Sul,14.9,15.8,13.6,16.8,98,4.1,0.0,3,Nublado,NightOvercast.webp,0,2026-05-21T06:36,2026-05-21T17:29
2026-05-21 00:31,Rio de Janeiro,Brasil,América do Sul,21.6,23.9,20.2,21.6,89,9.0,0.0,3,Nublado,NightOvercast.webp,0,2026-05-21T06:21,2026-05-21T17:17
2026-05-21 00:31,Buenos Aires,Argentina,América do Sul,10.1,7.5,6.5,11.8,67,8.3,0.0,3,Nublado,NightOvercast.webp,0,2026-05-21T07:44,2026-05-21T17:55
2026-05-20 21:31,Mexico City,México,América Central,17.8,17.8,13.3,27.1,67,3.1,0.0,0,Céu limpo,NightFullMoonClear.webp,0,2026-05-20T05:59,2026-05-20T19:06
2026-05-20 23:31,New York,EUA,América do Norte,19.8,20.3,20.5,34.3,84,13.2,0.0,3,Nublado,NightOvercast.webp,0,2026-05-20T05:34,2026-05-20T20:10
2026-05-20 20:31,San Francisco,EUA,América do Norte,15.3,13.1,11.0,24.2,64,12.0,0.0,0,Céu limpo,NightFullMoonClear.webp,0,2026-05-20T05:55,2026-05-20T20:16
2026-05-21 04:31,London,Reino Unido,Europa,13.3,11.9,13.3,23.5,79,9.0,0.0,3,Nublado,NightOvercast.webp,0,2026-05-21T05:00,2026-05-21T20:54
2026-05-21 05:31,Paris,França,Europa,11.7,11.9,10.7,24.3,99,2.3,0.0,45,Neblina,Mist.webp,0,2026-05-21T06:01,2026-05-21T21:33
2026-05-21 12:31,Tokyo,Japão,Ásia,20.0,22.8,15.6,21.0,96,5.4,0.8,63,Chuva,DayRain.webp,1,2026-05-21T04:32,2026-05-21T18:43
2026-05-21 07:31,Dubai,Emirados Árabes,Oriente Médio,28.8,29.6,26.9,33.7,52,14.3,0.0,0,Céu limpo,DayClear.webp,1,2026-05-21T05:31,2026-05-21T18:59
2026-05-21 06:31,Cairo,Egito,África,18.4,19.1,18.3,28.7,75,3.7,0.0,2,Parcialmente nublado,DayPartialCloudy.webp,1,2026-05-21T05:58,2026-05-21T19:45
2026-05-21 13:31,Sydney,Austrália,Oceania,17.1,14.6,11.1,17.4,67,19.8,0.0,1,Principalmente limpo,DayPartialClean.webp,1,2026-05-21T06:44,2026-05-21T16:59
2026-05-21 04:50,São Paulo,Brasil,América do Sul,15.2,15.7,13.5,17.0,93,6.0,0.0,3,Nublado,NightOvercast.webp,0,2026-05-21T06:36,2026-05-21T17:29
2026-05-21 04:50,Rio de Janeiro,Brasil,América do Sul,20.4,23.0,19.6,21.8,95,7.4,0.2,53,Chuvisco,NightRain.webp,0,2026-05-21T06:21,2026-05-21T17:17
2026-05-21 04:50,Buenos Aires,Argentina,América do Sul,7.7,4.8,6.2,11.7,70,7.7,0.0,0,Céu limpo,NightFullMoonClear.webp,0,2026-05-21T07:44,2026-05-21T17:55
2026-05-21 01:50,Mexico City,México,América Central,16.4,16.6,14.1,25.6,69,0.5,0.0,0,Céu limpo,NightFullMoonClear.webp,0,2026-05-21T05:59,2026-05-21T19:06
2026-05-21 03:50,New York,EUA,América do Norte,16.6,16.8,12.5,19.6,85,8.0,0.0,3,Nublado,NightOvercast.webp,0,2026-05-21T05:33,2026-05-21T20:11
2026-05-21 00:50,San Francisco,EUA,América do Norte,10.9,9.8,9.3,21.1,88,5.1,0.0,0,Céu limpo,NightFullMoonClear.webp,0,2026-05-21T05:54,2026-05-21T20:17
2026-05-21 08:50,London,Reino Unido,Europa,15.2,13.6,12.8,23.1,78,14.0,0.0,3,Nublado,DayCumulusCongestus.webp,1,2026-05-21T05:00,2026-05-21T20:54
2026-05-21 11:50,Dubai,Emirados Árabes,Oriente Médio,33.3,36.5,26.7,33.8,38,11.6,0.0,0,Céu limpo,DayClear.webp,1,2026-05-21T05:31,2026-05-21T18:59
2026-05-21 10:50,Cairo,Egito,África,23.4,23.2,18.3,28.7,48,10.3,0.0,2,Parcialmente nublado,DayPartialCloudy.webp,1,2026-05-21T05:58,2026-05-21T19:45
2026-05-21 17:50,Sydney,Austrália,Oceania,16.4,14.1,11.1,17.4,76,20.5,0.0,1,Principalmente limpo,NightPartialClean.webp,0,2026-05-21T06:44,2026-05-21T16:59
2026-05-21 08:21,São Paulo,Brasil,América do Sul,15.3,15.1,13.5,17.0,89,9.0,0.0,3,Nublado,DayCumulusCongestus.webp,1,2026-05-21T06:36,2026-05-21T17:29
2026-05-21 08:21,Rio de Janeiro,Brasil,América do Sul,20.6,22.6,19.6,21.8,95,11.8,0.2,53,Chuvisco,drizzle.webp,1,2026-05-21T06:21,2026-05-21T17:17
2026-05-21 08:21,Buenos Aires,Argentina,América do Sul,6.3,3.5,6.2,11.7,75,7.5,0.0,1,Principalmente limpo,DayPartialClean.webp,1,2026-05-21T07:44,2026-05-21T17:55
2026-05-21 05:21,Mexico City,México,América Central,14.6,14.6,14.1,25.6,80,2.8,0.0,0,Céu limpo,NightFullMoonClear.webp,0,2026-05-21T05:59,2026-05-21T19:06
2026-05-21 07:21,New York,EUA,América do Norte,16.4,15.3,13.3,19.6,69,9.4,0.0,3,Nublado,DayCumulusCongestus.webp,1,2026-05-21T05:33,2026-05-21T20:11
2026-05-21 04:21,San Francisco,EUA,América do Norte,10.0,8.6,9.6,20.2,88,5.8,0.0,0,Céu limpo,NightFullMoonClear.webp,0,2026-05-21T05:54,2026-05-21T20:17
2026-05-21 12:21,London,Reino Unido,Europa,19.6,18.8,12.8,23.4,57,13.3,0.0,3,Nublado,DayCumulusCongestus.webp,1,2026-05-21T05:00,2026-05-21T20:54
2026-05-21 13:21,Paris,França,Europa,22.5,23.2,10.5,24.7,47,4.5,0.0,2,Parcialmente nublado,DayPartialCloudy.webp,1,2026-05-21T06:01,2026-05-21T21:33
2026-05-21 20:21,Tokyo,Japão,Ásia,15.4,16.4,15.3,20.5,93,2.9,0.0,3,Nublado,NightOvercast.webp,0,2026-05-21T04:32,2026-05-21T18:43
2026-05-21 15:21,Dubai,Emirados Árabes,Oriente Médio,33.0,35.3,26.7,33.8,43,12.6,0.0,0,Céu limpo,DayClear.webp,1,2026-05-21T05:31,2026-05-21T18:59
2026-05-21 14:21,Cairo,Egito,África,28.1,28.2,18.3,28.8,32,12.0,0.0,2,Parcialmente nublado,DayPartialCloudy.webp,1,2026-05-21T05:58,2026-05-21T19:45
2026-05-21 21:21,Sydney,Austrália,Oceania,15.1,14.4,11.1,17.4,90,12.6,0.2,53,Chuvisco,NightRain.webp,0,2026-05-21T06:44,2026-05-21T16:59
